id;calendar_date;user_id;title;content;calendar_time
1;2022-07-11;36966;Facilitator;copying;2022-07-10
2;2022-07-11;96893;gold;Handmade;2022-07-11
3;2022-07-11;17514;bypass Utah orchestrate;Down-sized;2022-07-10
4;2022-07-11;71583;Dollar Associate;France;2022-07-10
5;2022-07-10;73229;high-level Dollar Handmade;parsing synergize;2022-07-11
6;2022-07-11;50583;multimedia synthesize;Fish;2022-07-11
7;2022-07-10;57631;transmitting;policy back-end;2022-07-11
8;2022-07-11;20728;Frozen Avon Intelligent;hacking;2022-07-10
9;2022-07-11;34301;protocol content Distributed;Chief;2022-07-11
10;2022-07-10;1369;Avon capability program;mission-critical;2022-07-11
